index,temporal_urgency_present,scarcity_marking_present,fear_loss_framing_present,coercive_cta_present,authority_evoking_present,social_proof_present,certainty_guarantee_present,superiority_performance_present,transparency_supporting_present
temporal_urgency_present,1.0,-0.0017398883886957832,0.22058642185795146,0.0208005158912862,-0.00389728660526416,,-0.003016196729136636,-0.007005350628587749,0.4993479675556898
scarcity_marking_present,-0.0017398883886957832,1.0,-0.0019461021453206725,0.0758911097062629,-0.0019461021453206725,,-0.0015061317064424986,-0.0034981075984002667,-0.0008688097306689834
fear_loss_framing_present,0.22058642185795146,-0.0019461021453206725,1.0,0.013483985699560892,-0.004359197907585004,,-0.00337368015294476,-0.007835633581782511,-0.0019461021453206725
coercive_cta_present,0.0208005158912862,0.0758911097062629,0.013483985699560892,1.0,-0.025643348118812276,,-0.01984595708604068,-0.04609377319609265,0.0758911097062629
authority_evoking_present,-0.00389728660526416,-0.0019461021453206725,-0.004359197907585004,-0.025643348118812276,1.0,,-0.00337368015294476,-0.007835633581782511,-0.0019461021453206725
social_proof_present,,,,,,,,,
certainty_guarantee_present,-0.003016196729136636,-0.0015061317064424986,-0.00337368015294476,-0.01984595708604068,-0.00337368015294476,,1.0,-0.006064170992239272,-0.0015061317064424986
superiority_performance_present,-0.007005350628587749,-0.0034981075984002667,-0.007835633581782511,-0.04609377319609265,-0.007835633581782511,,-0.006064170992239272,1.0,-0.0034981075984002667
transparency_supporting_present,0.4993479675556898,-0.0008688097306689834,-0.0019461021453206725,0.0758911097062629,-0.0019461021453206725,,-0.0015061317064424986,-0.0034981075984002667,1.0
